ID,Sequence,ML_Score,Prediction
bd5bc4a40d8ec275a1835b7188d081d2870b7f7a10d74e8a7e2a8e69da8a67fc,MSQISTKHRTVLFRRWMAIICCLIINIAYLVY,0.545,Non-Toxin
66a0fe569868bd8f3d1328973243daf9274f2edeaa7cb620b4817c1f8927f0e4,MNLQYKLNRDLRSTLTSSKCISCIMESCIMYCIMRYTPKVRSTNQVDNSVCSYNAECYVSDINNPRYEWAGTGGWRGVKANRFVYSEDDNRSPVPINQKRYADTFSLYSTLTDTIRLGKLPKAKAVSFTNGSICTMDTLKAGVSSYSTYKVCKHWRGVYTTENRVKLTGDIGNAIDYSTLADANGGTGSAATADAMSSWRGVYYTDNQVADINN,0.501,Non-Toxin
86261080a1210a8e2e674e80bce5c275a7dce02505f18c8a74466cebcbd55ffa,MSKKVLVIFVTIATSVYLTAADGYSYRIDIDYQNDKIFSYTAQGNIYVNNNIQQSYNTSQMYSVGESSYIYKSYKELGGFQVTPNKEKFKALDSELSWNRVPINKTIAQEGEYIRITDTGRVSQIINPDETVYIAGYKSEVIYPSKPEVGYINNRIELKIDDDIEIIRDEIEVIFHEKELGGKLGWSYDKPENRRNSSVIFEDKSGDTLSEYIEYVNNNIQQSYNTSQMYSVGESEYIYKSYKELGGFQVTPNKEKFKALDSELSWNRVPINKTIAQEGEYIRITDTGRVSQIINPDETVYIAGYKSEVIYPSKPEVGYINNRIELKIDDDIEIIRDEIEVIFHEKELGGKLGWSYDKPENRRNSSVIFEDKSGDTLSEYIEYVNNNIQQSYNTSQMYSVGESEYIYKSYKELGGFQVTPNKEKFKALDSELSWNRVPINKTIAQEGEYIRITDTGRVSQIINPDETVYIAGYKSEVIYPSKPEVGYINNRIELKIDDDIEIIRDEIEVIFHEKELGGKLGWSYDKPENRRNSSVIFEDKSGDTLSEYIEYVNNNIQQSYNTSQMYSVGESEYIYKSYKELGGFQVTPNKEKFKALDSELSWNRVPINKTIAQEGEYIRITDTGRVSQIINPDETVYIAGYKSEVIYPSKPEVGYINNRIELKIDDDIEIIRDEIEVIFHEKELGGKLGWSYDKPENRRNSSVIFEDKSGDTLSEYIEYVNNNIQQSYNTSQMYSVGESEYIYKSYKELGGFQVTPNKEKFKALDSELSWNRVPINKTIAQEGEYIRITDTGRVSQIINPDETVYIAGYKSEVIYPSKPEVGYINNRIELKIDDDIEIIRDEIEVIFHEKELGGKLGWSYDKPENRRNSSVIFEDKSGDTLSEYIEYVNNNIQQSYNTSQMYSVGESEYIYKSYKELGGFQVTPNKEKFKALDSELSWNRVPINKTIAQEGEYIRITDTGRVSQIINPDETVYIAGYKSEVIYPSKPEVGYINNRIELKIDDDIEIIRDEIEVIFHEKELGGKLGWSYDKPENRRNSSVIFEDKSGDTLSEYIEYVNNNIQQSYNTSQMYSVGESEYIYKSYKELGGFQVTPNKEKFKALDSELSWNRVPINKTIAQEGEYIRITDTGRVSQIINPDETVYIAGYKSEVIYPSKPEVGYINNRIELKIDDDIEIIRDEIEVIFHEKELGGKLGWSYDKPENRRNSSVIFEDKSGDTLSEYIEYVNNNIQQSYNTSQMYSVGESEYIYKSYKELGGFQVTPNKEKFKALDSELSWNRVPINKTIAQEGEYIRITDTGRVSQIINPDETVYIAGYKSEVIYPSKPEVGYINNRIELKIDDDIEIIRDEIEVIFHEKELGGKLGWSYDKPENRRNSSVIFEDKSGDTLSEYIEYVNNNIQQSYNTSQMYSVGESEYIYKSYKELGGFQVTPNKEKFKALDSELSWNRVPINKTIAQEGEYIRITDTGRVSQIINPDETVYIAGYKSEVIYPSKPEVGYINNRIELKIDDDIEIIRDEIEVIFHEKELGGKLGWSYDKPENRRNSSVIFEDKSGDTLSEYIEYVNNNIQQSYNTSQMYSVGESEYIYKSYKELGGFQVTPNKEKFKALDSELSWNRVPINKTIAQEGEYIRITDTGRVSQIINPDETVYIAGYKSEVIY,0.453,Non-Toxin
dd58b867000ed77144c72976cc2715979d639868bebdb6921f7eb02eef935fd6,MNLQQLKTLPELASGTEVLRWSTTAPPGYITVQPTNAPGTKPTEAPLTNPNAVVTVSGKATATELTPEQWMEQASGLIQEMLNAPKAEKQAPQVVMVSGKTATLRLELPEQWMEQASGLTKEMLNAPKAEKQAPQVVMVSGKTATLRLELPEQWMEQASGLIQEMLNAPKAEKQAPQVVMVSGKTATLRLELPEQWMEQASGLIQEMLNAPKAEKQAPQVVMVSGKTATLRLELPEWMEQAASGLIELMGNPAEQNKAPQVIMVGKGQATLTDKIPAEKWVKAGLSITKKQAIEVVGSGFAEIVTRTPEGKTLEKFTAEVLRGINKQRVSKSGVTELLELPEQWMEQASGLIQEMLNAPKAEKQAPQVVMVSGKTATLRLELPEQWMEQASGLIQEMLNAPKAEKQAPQVVMVSGKTATLRLELPEQWMEQASGLIQEMLNAPKAEKQAPQVVMVSGKTATLRLELPEQWMEQASGLIQEMLNAPKAEKQAPQVVMVSGKTATLRLELPEQWMEQASGLIQEMLNAPKAEKQAPQVVMVSGKTATLRLELPEQWMEQASGLIQEMLNAPKAEKQAPQVVMVSGKTATLRLELPEQWMEQASGLIQEMLNAPKAEKQAPQVVMVSGKTATLRLELPEQWMEQASGLIQEMLNAPKAEKQAPQVVMVSGKTATLRLELPEQWMEQASGLIQEMLNAPKAEKQAPQVVMVSGKTATLRLELPEQWMEQASGLIQEMLNAPKAEKQAPQVVMVSGKTATLRLELPEQWMEQASGLIQEMLNAPKAEKQAPQVVMVSGKTATLRLELPEQWMEQASGLIQEMLNAPKAEKQAPQVVMVSGKTATLRLELPEQWMEQASGLIQEMLNAPKAEKQAPQVVMVSGKTATLRLELPEQWMEQASGLIQEMLNAPKAEKQAPQVVMVSGKTATLRLELPEQWMEQASGLIQEMLNAPKAEKQAPQVVMVSGKTATLRLELPEQWMEQASGLIQEMLNAPKAEKQAPQVVMVSGKTATLRLELPEQWMEQASGLIQEMLNAPKAEKQAPQVVMVSGKTATLRLELPEQWMEQASGLIQEMLNAPKAEKQAPQVVMVSGKTATLRLELPEQWMEQASGLIQEMLNAPKAEKQAPQVVMVSGKTATLRLELPEQWMEQASGLIQEMLNAPKAEKQAPQVVMVSGKTATLRLELPEQWMEQASGLIQEMLNAPKAEKQAPQVVMVSGKTATLRLELPEQWMEQASGLIQEMLNAPKAEKQAPQVVMVSGKTATLRLELPEQWMEQASGLIQEMLNAPKAEKQAPQVVMVSGKTATLRLELPEQWMEQASGLIQEMLNAPKAEKQAPQVVMVSGKTATLRLELPEQWMEQASGLIQEMLNAPKAEKQAPQVVMVSGKTATLRLELPEQWMEQASGLIQEMLNAPKAEKQAPQVVMVSGKTATLRLELPEQWMEQASGLIQEMLNAPKAEKQAPQVVMVSGKTATLRLELPEQWMEQASGLIQEMLNAPKAEKQAPQVVMVSGKTATLRLELPEQWMEQASGLIQEMLNAPKAEKQAPQVVMVSGKTATLRLELPEQWMEQASGLIQEMLNAPKAEKQAPQVVMVSGKTATLRLELPEQWMEQAS,0.536,Non-Toxin
60d3f73aa0e00a496f884dd0e4b6915ddf74153f5ba49d8d50cd6e630930a18a,MKKIILALVLMLFSFCTLGQETASMHLDDTLSAPIAAEINRKACDTQTPSPSEENDDWCCEVCCNPACAGC,0.962,Toxin
60aa5d4fc71499e30b82d4fc42d090d150f9c1d8228fd27520b33f04022b0c21,MNLNFLVLTSVILTAIPMHAAGDSGHADNDGTLDPNFGDQVVNKFQSLDATNSVGWGALGASGDKVQVNDNIKFDVSLGSYQYVTKNLQQNSNGDFIKIYGTSTDTAKDKIISLDGTFATKQDIKGSVVTLDGTFATKQDIKGSVVTLDGTFATKQDIKGSVVTLDGTFATKQDIKGSVVTLDGTFATKQDIKGSVVTLDGTFATKQDIKGSVVTLDGTFATKQDIKGSVVTLDGTFATKQDIKGSVVTLDGTFATKQDIKGSVVTLDGTFATKQDIKGSVVTLDGTFATKQDIKGSVVTLDGTFATKQDIKGSVVTLDGTFATKQDIKGSVVTLDGTFATKQDIKGSVVTLDGTFATKQDIKGSVVTLDGTFATKQDIKGSVVTLDGTFATKQDIKGSVVTLDGTFATKQDIKGSVVTLDGTFATKQDIKGSVVTLDGTFATKQDIKGSVVTLDGTFATKQDIKGSVVTLDGTFATKQDIKGSVVTLDGTFATKQDIKGSVVTLDGTFATKQDIKGSVVTLDGTFATKQDIKGSVVTLDGTFATKQDIKGSVVTLDGTFATKQDIKGSVVTLDGTFATKQDIKGSVVTLDGTFATKQDIKGSVVTLDGTFATKQDIKGSVVTLDGTFATKQDIKGSVVTLDGTFATKQDIKGSVVTLDGTFATKQDIKGSVVTLDGTFATKQDIKGSVVTLDGTFATKQDIKGSVVTLDGTFATKQDIKGSVVTLDGTFATKQDIKGSVVTLDGTFATKQDIKGSVVTLDGTFATKQDIKGSVVTLDGTFATKQDIKGSVVTLDGTFATKQDIKGSVVTLDGTFATKQDIKGSVVTLDGTFATKQDIKGSVVTLDGTFATKQDIKGSVVTLDGTFATKQDIKGSVVTLDGTFATKQDIKGSVVTLDGTFATKQDIKGSVVTLDGTFATKQDIKGSVVTLDGTFATKQDIKGSVVTLDGTFATKQDIKGSVVTLDGTFATKQDIKGSVVTLDGTFATKQDIKGSVVTLDGTFATKQDIKGSVVTLDGTFATKQDIKGSVVTLDGTFATKQDIKGSVVTLDGTFATKQDIKGSVVTLDGTFATKQDIKGSVVTLDGTFATKQDIKGSVVTLDGTFATKQDIKGSVVTLDGTFATKQDIKGSVVTLDGTFATKQDIKGSVVTLDGTFATKQDIKGSVVTLDGTFATKQDIKGSVVTLDGTFATKQDIKGSVVTLDGTFATKQDIKGSVVTLDGTFATKQDIKGSVVTLDGTFATKQDIKGSVVTLDGTFATKQDIKGSVVTLDGTFATKQDIKGSVVTLDGTFATKQDIKGSVVTLDGTFATKQDIKGSVVTLDGTFATKQDIKGSVVTLDGTFATKQDIKGSVVTLDGTFATKQDIKGSVVTLDGTFATKQDIKGSVVTLDGTFATKQDIKGSVVTLDGTFATKQDIKGSVVTLDGTFATKQDIKGSVVTLDGTFATKQDIKGSVVTLDGTFATKQDIKGSVVTLDGTFATKQDIKGSVVTLDGTFATKQDIKGSVVTLDGTFATKQDIKGSVVTLDGTFATKQDIKGSVVTLDGTFATKQDIKGSVVTLDGTFATKQDIKGSVVTLDGTFATKQDIKGSV,0.531,Non-Toxin
bd1531e016c7568d53d2903bb7cd2137806302291dba46655679bf46a58f0e1a,MDRITTIYATVLLSSAYAHGTPQNITVNGDATNVNAEVSTLSFDAPKDVAASPGWGQKPEWQDVTASIKGTTITGTPVQDIKGIEVSVSWIYHDPQGAKKELFNYTKYVGQTESNVNAVDAPKDVTMTVPGQGQMAALVGQAYNAGTPEYTASPSRFGYTPGQELVAYHSYANVPQNDLGALVTPQSAFHTYLSYTLKPNKAEKDGKQMAAWQYGALKGSATTASPLLEKELQSNQELKETNNTTIIAVNRNYSAQDGKTIVVTPQSAFGQHTYLSYTKPDAAEGKYEATPQSAFGQHTYLSYDYPKAAEGKYEATPQSAFHTYLSYDYPKAAEGKYEATPQSAFHTYLSYDYPKAAEGKYEATPQSAFHTYLSYDYPKAAEGKYEATPQSAFHTYLSYDYPKAAEGKYEATPQSAFHTYLSYDYPKAAEGKYEATPQSAFHTYLSYDYPKAAEGKYEATPQSAFHTYLSYDYPKAAEGKYEATPQSAFHTYLSYDYPKAAEGKYEATPQSAFHTYLSYDYPKAAEGKYEATPQSAFHTYLSYDYPKAAEGKYEATPQSAFHTYLSYDYPKAAEGKYEATPQSAFHTYLSYDYPKAAEGKYEATPQSAFHTYLSYDYPKAAEGKYEATPQSAFHTYLSYDYPKAAEGKYEATPQSAFHTYLSYDYPKAAEGKYEATPQSAFHTYLSYDYPKAAEGKYEATPQSAFHTYLSYDYPKAAEGKYEATPQSAFHTYLSYDYPKAAEGKYEATPQSAFHTYLSYDYPKAAEGKYEATPQSAFHTYLSYDYPKAAEGKYEATPQSAFHTYLSYDYPKAAEGKYEATPQSAFHTYLSYDYPKAAEGKYEATPQSAFHTYLSYDYPKAAEGKYEATPQSAFHTYLSYDYPKAAEGKYEATPQSAFHTYLSYDYPKAAEGKYEATPQSAFHTYLSYDYPKAAEGKYEATPQSAFHTYLSYDYPKAAEGKYEATPQSAFHTYLSYDYPKAAEGKYEATPQSAFHTYLSYDYPKAAEGKYEATPQSAFHTYLSYDYPKAAEGKYEATPQSAFHTYLSYDYPKAAEGKYEATPQSAFHTYLSYDYPKAAEGKYEATPQSAFHTYLSYDYPKAAEGKYEATPQSAFHTYLSYDYPKAAEGKYEATPQSAFHTYLSYDYPKAAEGKYEATPQSAFHTYLSYDYPKAAEGKYEATPQSAFHTYLSYDYPKAAEGKYEATPQSAFHTYLSYDYPKAAEGKYEATPQSAFHTYLSYDYPKAAEGKYEATPQSAFHTYLSYDYPKAAEGKYEATPQSAFHTYLSYDYPKAAEGKYEATPQSAFHTYLSYDYPKAAEGKYEATPQSAFHTYLSYDYPKAAEGKYEATPQSAFHTYLSYDYPKAAEGKYEATPQSAFHTYLSYDYPKAAEGKYEATPQSAFHTYLSYDYPKAAEGKYEATPQSAFHTYLSYDYPKAAEGKYEATPQSAFHTYLSYDYPKAAEGKYEATPQSAFHTYLSYDYPKAAEGKYEATPQSAFHTYLSYDYPKAAEGKYEATPQSAFHTYLSYDYPKAAEGKYEATPQSAFHTYLSYDYPKAAEGKYEAT,0.313,Non-Toxin
82eb9748540a14a377cf46c70df4432a6195a481c74c846ddd3f046931236478,MKKIRGLCLPVMLGAVLMSQHVHAADNLTFKGKLIIPACTVTKAEVDWQHTVYVTSATNSIDQKLQTYQPSPKLPEDTTGKQVTFGKVSGKSNSDLPVQIKKTVQNSQLKSVLSANSLPNSDASVKLTAEQKSVVVNTPQGQLAKKVGELKQVILVTDSTQPVSLVDQSKAELQAIDNLKHDVTQKVHAIIDTTAQKFYQVTYNQKLPEDTTGKQVTFGKVSGKSNSDLPQVEKKSATQILVTDSTQPVSLVDQSKAELQAIDNLKHDVTQKVHAIIDTTAQKFYQVTYNQKLPEDTTGKQVTFGKVSGKSNSDLPQVEKKSATQILVTDSTQPVSLVDQSKAELQAIDNLKHDVTQKVHAIIDTTAQKFYQVTYNQKLPEDTTGKQVTFGKVSGKSNSDLPQVEKKSATQILVTDSTQPVSLVDQSKAELQAIDNLKHDVTQKVHAIIDTTAQKFYQVTYNQKLPEDTTGKQVTFGKVSGKSNSDLPQVEKKSATQILVTDSTQPVSLVDQSKAELQAIDNLKHDVTQKVHAIIDTTAQKFYQVTYNQKLPEDTTGKQVTFGKVSGKSNSDLPQVEKKSATQILVTDSTQPVSLVDQSKAELQAIDNLKHDVTQKVHAIIDTTAQKFYQVTYNQKLPEDTTGKQVTFGKVSGKSNSDLPQVEKKSATQILVTDSTQPVSLVDQSKAELQAIDNLKHDVTQKVHAIIDTTAQKFYQVTYNQKLPEDTTGKQVTFGKVSGKSNSDLPQVEKKSATQILVTDSTQPVSLVDQSKAELQAIDNLKHDVTQKVHAIIDTTAQKFYQVTYNQKLPEDTTGKQVTFGKVSGKSNSDLPQVEKKSATQILVTDSTQPVSLVDQSKAELQAIDNLKHDVTQKVHAIIDTTAQKFYQVTYNQKLPEDTTGKQVTFGKVSGKSNSDLPQVEKKSATQILVTDSTQPVSLVDQSKAELQAIDNLKHDVTQKVHAIIDTTAQKFYQVTYNQKLPEDTTGKQVTFGKVSGKSNSDLPQVEKKSATQILVTDSTQPVSLVDQSKAELQAIDNLKHDVTQKVHAIIDTTAQKFYQVTYNQKLPEDTTGKQVTFGKVSGKSNSDLPQVEKKSATQILVTDSTQPVSLVDQSKAELQAIDNLKHDVTQKVHAIIDTTAQKFYQVTYNQKLPEDTTGKQVTFGKVSGKSNSDLPQVEKKSATQILVTDSTQPVSLVDQSKAELQAIDNLKHDVTQKVHAIIDTTAQKFYQVTYNQKLPEDTTGKQVTFGKVSGKSNSDLPQVEKKSATQILVTDSTQPVSLVDQSKAELQAIDNLKHDVTQKVHAIIDTTAQKFYQVTYNQKLPEDTTGKQVTFGKVSGKSNSDLPQVEKKSATQILVTDSTQPVSLVDQSKAELQAIDNLKHDVTQKVHAIIDTTAQKFYQVTYNQKLPEDTTGKQVTFGKVSGKSNSDLPQVEKKSATQILVTDSTQPVSLVDQSKAELQAIDNLKHDVTQKVHAIIDTTAQKFYQVTYNQKLPEDTTGKQVTFGKVSGKSNSDLPQVEKKSATQILVTDSTQPVSLVDQSKAELQAIDNLKHDVTQKVHAIIDTTAQKFYQVTYNQKLPEDTTGKQVTFGKVSGKSNSDLPQVEKKSATQILVTDSTQPVSLVDQSKAELQAIDNLKHDVTQKVHAIIDTTAQKFYQ,0.262,Non-Toxin
faad7c9814ee92c21c8ff40903a50bf4fcc21f0eb37e6d3b0d3793744c0ff3f6,MSQISTKHRTVLFRRWMAIICCLIINIAYLVY,0.545,Non-Toxin
d5b332760025ee12c6f89b85390140a7b574aefcbd76a57805b75cf3f1611b02,MNLKSRSSITAIVVASSALALSTPQGTASTDTTTVNGKVVAKIIQDAAKNEGIKTTTKDGKSVKLETVKEDKHTLAVNIHEDDALYHANVISKTEKTVADTAAGKYDLVTKAFEDAYYDPTTKEKALIQTANHVTQIIKTDGKTMGQVEALSKAINKMNLHETKQDIIANFQGKDETLIITPNNLDAHGKHTVTTKDGKSVKLETVKEAEKHTLAVNIHEDDALYHANVISKTEKTVADTAAGKYDLVTKAFEDAYYDPTTKEKALIQTANHVTQIIKTDGKTMGQVEALSKAINKMNLHETKQDIIANFQGKDETLIITPNNLDAHGKHTVTTKDGKSVKLETVKEAEKHTLAVNIHEDDALYHANVISKTEKTVADTAAGKYDLVTKAFEDAYYDPTTKEKALIQTANHVTQIIKTDGKTMGQVEALSKAINKMNLHETKQDIIANFQGKDETLIITPNNLDAHGKHTVTTKDGKSVKLETVKEAEKHTLAVNIHEDDALYHANVISKTEKTVADTAAGKYDLVTKAFEDAYYDPTTKEKALIQTANHVTQIIKTDGKTMGQVEALSKAINKMNLHETKQDIIANFQGKDETLIITPNNLDAHGKHTVTTKDGKSVKLETVKEAEKHTLAVNIHEDDALYHANVISKTEKTVADTAAGKYDLVTKAFEDAYYDPTTKEKALIQTANHVTQIIKTDGKTMGQVEALSKAINKMNLHETKQDIIANFQGKDETLIITPNNLDAHGKHTVTTKDGKSVKLETVKEAEKHTLAVNIHEDDALYHANVISKTEKTVADTAAGKYDLVTKAFEDAYYDPTTKEKALIQTANHVTQIIKTDGKTMGQVEALSKAINKMNLHETKQDIIANFQGKDETLIITPNNLDAHGKHTVTTKDGKSVKLETVKEAEKHTLAVNIHEDDALYHANVISKTEKTVADTAAGKYDLVTKAFEDAYYDPTTKEKALIQTANHVTQIIKTDGKTMGQVEALSKAINKMNLHETKQDIIANFQGKDETLIITPNNLDAHGKHTVTTKDGKSVKLETVKEAEKHTLAVNIHEDDALYHANVISKTEKTVADTAAGKYDLVTKAFEDAYYDPTTKEKALIQTANHVTQIIKTDGKTMGQVEALSKAINKMNLHETKQDIIANFQGKDETLIITPNNLDAHGKHTVTTKDGKSVKLETVKEAEKHTLAVNIHEDDALYHANVISKTEKTVADTAAGKYDLVTKAFEDAYYDPTTKEKALIQTANHVTQIIKTDGKTMGQVEALSKAINKMNLHETKQDIIANFQGKDETLIITPNNLDAHGKHTVTTKDGKSVKLETVKEAEKHTLAVNIHEDDALYHANVISKTEKTVADTAAGKYDLVTKAFEDAYYDPTTKEKALIQTANHVTQIIKTDGKTMGQVEALSKAINKMNLHETKQDIIANFQGKDETLIITPNNLDAHGKHTVTTKDGKSVKLETVKEAEKHTLAVNIHEDDALYHANVISKTEKTVADTAAGKYDLVTKAFEDAYYDPTTKEKALIQTANHVTQIIKTDGKTMGQVEALSKAINKMNLHETKQDIIANFQGKDETLIITPNNLDAHGKHTVTTKDGKSVKLETVKEAEKHTLAVNIHEDDALYHANVISKTEKTVADTAAGKYDLVTKAFEDAYYDPTTKEKALIQTANH,0.441,Non-Toxin
09e6b301c9eed81ec7e801a19dbaef4160c2f876eb9e80cdcb21d1ba04971f3e,MNNNNGIAKNDCDWLTALDFVKDVNGSPTHLTFYIYQKNAFLHDFGNYWVLYIELSGDFRQVPTDTFIRLCNILAVSNEYKQIILPTDKEWYLQYYKKANTGKWFLSGFSFFANYFGYKSRYQIKLSENGEINQFLYINAFKFHDFKEIPLHIQWWRTSYPHNMADFLYVQCFKLLLQSNFSYIHDINKFMTNNFENPINAWRLAEREDVVNQLKYNWNNKLESWLTAFALDATSVTDDKITFQYWMGHSFFPTLELVKAVRKEDGKYYKQYSGILPKEWVLTQTLGIDELQTQSEILISPVKSHMAIVSNFLGKQIDWLTQWAGATLQPGTGEALVTYQGDRDNNIYVSNVVENALWVSGKANASQSLGKQVFTWQAGMIEGSEWVIGNIYDF,0.441,Non-Toxin
c12aee86130ac003c70c922ea33267b5005e6c7ef753e36fdcae2da5bc40d64c,MSKKVLVIFVSIISMLSVSTSQSYGTTTSTTATTTTSQFKVSEIITQQDSEKKSENMNQNIQNLQDYSYNNQVSEKKSTGKELDKFYYKQFLDKVSLKDYKSYLNSYINDTDTKSGNSGDTYLLQFRNKFYITKNKYYLNLNISGYHLMQHNNKVSQKAINIQIQKEGHTDQKIFKQFLDKYSINLSDKYIYLNSISGYHLMQHNNKVSQKAINIQIQKEGHTDQKIFKQFLDKVSINLSDKYIYLNSISGYHLMQHNNKVSQKAINIQIQKEGHTDQKIFKQFLDKVSINLSDKYIYLNSISGYHLMQHNNKVSQKAINIQIQKEGHTDQKIFKQFLDKVSINLSDKYIYLNSISGYHLMQHNNKVSQKAINIQIQKEGHTDQKIFKQFLDKVSINLSDKYIYLNSISGYHLMQHNNKVSQKAINIQIQKEGHTDQKIFKQFLDKVSINLSDKYIYLNSISGYHLMQHNNKVSQKAINIQIQKEGHTDQKIFKQFLDKVSINLSDKYIYLNSISGYHLMQHNNKVSQKAINIQIQKEGHTDQKIFKQFLDKVSINLSDKYIYLNSISGYHLMQHNNKVSQKAINIQIQKEGHTDQKIFKQFLDKVSINLSDKYIYLNSISGYHLMQHNNKVSQKAINIQIQKEGHTDQKIFKQFLDKVSINLSDKYIYLNSISGYHLMQHNNKVSQKAINIQIQKEGHTDQKIFKQFLDKVSINLSDKYIYLNSISGYHLMQHNNKVSQKAINIQIQKEGHTDQKIFKQFLDKVSINLSDKYIYLNSISGYHLMQHNNKVSQKAINIQIQKEGHTDQKIFKQFLDKVSINLSDKYIYLNSISGYHLMQHNNKVSQKAINIQIQKEGHTDQKIFKQFLDKVSINLSDKYIYLNSISGYHLMQHNNKVSQKAINIQIQKEGHTDQKIFKQFLDKVSINLSDKYIYLNSISGYHLMQHNNKVSQKAINIQIQKEGHTDQKIFKQFLDKVSINLSDKYIYLNSISGYHLMQHNNKVSQKAINIQIQKEGHTDQKIFKQFLDKVSINLSDKYIYLNSISGYHLMQHNNKVSQKAINIQIQKEGHTDQKIFKQFLDKVSINLSDKYIYLNSISGYHLMQHNNKVSQKAINIQIQKEGHTDQKIFKQFLDKVSINLSDKYIYLNSISGYHLMQHNNKVSQKAINIQIQKEGHTDQKIFKQFLDKVSINLSDKYIYLNSISGYHLMQHNNKVSQKAINIQIQKEGHTDQKIFKQFLDKVSINLSDKYIYLNSISGYHLMQHNNKVSQKAINIQIQKEGHTDQKIFKQFLDKVSINLSDKYIYLNSISGYHLMQHNNKVSQKAINIQIQKEGHTDQKIFKQFLDKVSINLSDKYIYLNSISGYHLMQHNNKVSQKAINIQIQKEGHTDQKIFKQFLDKVSINLSDKYIYLNSISGYHLMQHNNKVSQKAINIQIQKEGHTDQKIFKQFLDKVSINLSDKYIYLNSISGYHLMQHNNKVSQKAINIQIQKEGHTDQKIFKQFLDKVSINLSDKYIYLNSISGYHLMQHNNKVSQKAINIQIQKEGHTDQKIFKQFLDKVSINLSDKYIYLNSISGYHLMQHNNKVSQKAINIQIQKEGHTDQKIFKQFLDKVSINLSDKYIYLNSISGYHLMQHNNKVSQK,0.191,Non-Toxin
5fd613ed9088521ea947a106dd5b1c618446565ee5ceddc2339fc558ebddc40b,MKTILFFLLFIAPACKLSQESDIDSLVNDEKDKDSIQVEEEFVRRSLSSLELSRRPPGSADRTPGDEIDYLELQQDVEISIRISNIRPTDELFEEFQRTTNDELFEEFQRTTNDELFEEFQRTTNDELFEEFQRTTNDELFEEFQRTTNDELFEEFQRTTNDELFEEFQRTTNDEFEEFEQRVNNDFVHKGFVENSSSTTQPTSPGSSPTTSPAPVPTSTPAPSPAPSPAPSPAPSASSPAPVPTSTPAPSPAPSPAPSPAPSASSPAPVPTSTPAPSPAPSPAPSPAPSASSPAPVPTSTPAPSPAPSPAPSPAPSASSPAPVPTSTPAPSPAPSPAPSPAPSASSPAPVPTSTPAPSPAPSPAPSPAPSASSPAPVPTSTPAPSPAPSPAPSPAPSASSPAPVPTSTPAPSPAPSPAPSPAPSASSPAPVPTSTPAPSPAPSPAPSPAPSASSPAPVPTSTPAPSPAPSPAPSPAPSASSPAPVPTSTPAPSPAPSPAPSPAPSASSPAPVPTSTPAPSPAPSPAPSPAPSASSPAPVPTSTPAPSPAPSPAPSPAPSASSPAPVPTSTPAPSPAPSPAPSPAPSASSPAPVPTSTPAPSPAPSPAPSPAPSASSPAPVPTSTPAPSPAPSPAPSPAPSASSPAPVPTSTPAPSPAPSPAPSPAPSASSPAPVPTSTPAPSPAPSPAPSPAPSASSPAPVPTSTPAPSPAPSPAPSPAPSASSPAPVPTSTPAPSPAPSPAPSPAPSASSPAPVPTSTPAPSPAPSPAPSPAPSASSPAPVPTSTPAPSPAPSPAPSPAPSASSPAPVPTSTPAPSPAPSPAPSPAPSASSPAPVPTSTPAPSPAPSPAPSPAPSASSPAPVPTSTPAPSPAPSPAPSPAPSASSPAPVPTSTPAPSPAPSPAPSPAPSASSPAPVPTSTPAPSPAPSPAPSPAPSASSPAPVPTSTPAPSPAPSPAPSPAPSASSPAPVPTSTPAPSPAPSPAPSPAPSASSPAPVPTSTPAPSPAPSPAPSPAPSASSPAPVPTSTPAPSPAPSPAPSPAPSASSPAPVPTSTPAPSPAPSPAPSPAPSASSPAPVPTSTPAPSPAPSPAPSPAPSASSPAPVPTSTPAPSPAPSPAPSPAPSASSPAPVPTSTPAPSPAPSPAPSPAPSASSPAPVPTSTPAPSPAPSPAPSPAPSASSPAPVPTSTPAPSPAPSPAPSPAPSASSPAPVPTSTPAPSPAPSPAPSPAPSASSPAPVPTSTPAPSPAPSPAPSPAPSASSPAPVPTSTPAPSPAPSPAPSPAPSASSPAPVPTSTPAPSPAPSPAPSPAPSASSPAPVPTSTPAPSPAPSPAPSPAPSASSPAPVPTSTPAPSPAPSPAPSPAPSASSPAPVPTSTPAPSPAPSPAPSPAPSASSPAPVPTSTPAPSPAPSPAPSPAPSASSPAPVPTSTPAPSPAPSPAPSPAPSASSPAPVPTSTPAPSPAPSPAPSPAPSASSPAPVPTSTPAPSPAPSPAPSPAPSASSPAPVPTSTPAPSPAPSPAPSPAPSASSPAPVPTSTPAPSPAPSPAPSPAPSASSPAPVPTSTPAPSPAPSPAPSPAPSASSPAPVPTSTPAPSPAPSPAPSPAPSASSPAPVPTSTPAPSPAPSPAPSPAPSASSPAPVPTSTPAPSPAPSPAPSPAPSASSPAPVPTSTPAPSPAPSPAPSPAPSASSPAPVPTSTPAPSPAPSPAPSPAPSASSPAPVPTSTPAPSPAPSPAPSPAPSASSPAPVPTSTPAPSPAPSPAPSPAPSASSPAPVPTSTPAPSPAPSPAPSPAPSASSPAPVPTSTPAPSPAPSPAPSPAPSASSPAPVPTSTPAPSPAPSPAPSPAPSASSPAPVPTSTPAPSPAPSPAPSPAPSASSPAPVPTSTPAPSPAPSPAPSPAPSASSPAPVPTSTPAPSPAPSPAPSPAPSASSPAPVPTSTPAPSPAPSP,0.434,Non-Toxin
